,duration,protocol_type,service,flag,src_bytes,dst_bytes,land,wrong_fragment,urgent,hot,num_failed_logins,logged_in,num_compromised,root_shell,su_attempted,num_root,num_file_creations,num_shells,num_access_files,num_outbound_cmds,is_host_login,is_guest_login,count,srv_count,serror_rate,srv_serror_rate,rerror_rate,srv_rerror_rate,same_srv_rate,diff_srv_rate,srv_diff_host_rate,dst_host_count,dst_host_srv_count,dst_host_same_srv_rate,dst_host_diff_srv_rate,dst_host_same_src_port_rate,dst_host_srv_diff_host_rate,dst_host_serror_rate,dst_host_srv_serror_rate,dst_host_rerror_rate,dst_host_srv_rerror_rate,class,difficulty_level
3173,98,tcp,telnet,SF,621,8356,0,0,1,1,0,1,5,1,0,14,1,0,0,0,0,0,1,1,0.0,0.0,0.0,0.0,1.0,0.0,0.0,255,4,0.02,0.02,0.0,0.0,0.0,0.0,0.0,0.0,u2r,1
5579,0,tcp,ftp_data,SF,0,5696,0,0,0,0,0,1,0,0,0,0,0,0,0,0,0,0,1,1,0.0,0.0,0.0,0.0,1.0,0.0,0.0,1,81,1.0,0.0,1.0,0.02,0.0,0.0,0.0,0.0,u2r,9
5831,0,tcp,ftp_data,SF,0,5828,0,0,0,0,0,1,0,0,0,0,0,0,0,0,0,0,2,2,0.0,0.0,0.0,0.0,1.0,0.0,0.0,2,2,1.0,0.0,1.0,0.0,0.0,0.0,0.0,0.0,u2r,12
8675,179,tcp,telnet,SF,1559,2855,0,0,0,3,0,1,4,1,0,0,1,0,0,0,0,0,1,1,0.0,0.0,0.0,0.0,1.0,0.0,0.0,2,2,1.0,0.0,0.5,0.0,0.0,0.0,0.0,0.0,u2r,2
11448,708,tcp,telnet,SF,1727,24080,0,0,0,0,0,1,6,0,0,7,0,0,0,0,0,0,1,1,0.0,0.0,0.0,0.0,1.0,0.0,0.0,255,3,0.01,0.02,0.0,0.0,0.0,0.0,0.0,0.0,u2r,0
14099,21,tcp,ftp,SF,89,345,0,0,0,1,0,1,0,0,0,0,1,0,0,0,0,0,1,1,0.0,0.0,0.0,0.0,1.0,0.0,0.0,255,1,0.0,0.02,0.0,0.0,0.0,0.0,0.0,0.0,u2r,5
15188,113,tcp,telnet,SF,6274,16771,0,0,0,5,0,1,2,1,0,0,0,0,0,0,0,0,1,1,0.0,0.0,0.0,0.0,1.0,0.0,0.0,1,1,1.0,0.0,1.0,0.0,0.0,0.0,0.0,0.0,u2r,3
15931,169,tcp,telnet,SF,1567,2857,0,0,0,3,0,1,4,1,0,0,1,0,0,0,0,0,1,1,0.0,0.0,0.0,0.0,1.0,0.0,0.0,1,1,1.0,0.0,1.0,0.0,0.0,0.0,0.0,0.0,u2r,3
16727,53,tcp,telnet,SF,2628,3860,0,0,0,3,0,1,1,1,0,0,0,0,0,0,0,0,1,1,0.0,0.0,0.0,0.0,1.0,0.0,0.0,2,2,1.0,0.0,0.5,0.0,0.0,0.0,0.0,0.0,u2r,2
16983,0,udp,other,SF,4,0,0,0,0,0,0,0,0,0,0,0,0,0,0,0,0,0,2,2,0.0,0.0,0.0,0.0,1.0,0.0,0.0,2,2,1.0,0.0,0.5,0.0,0.0,0.0,0.0,0.0,u2r,1
19448,0,tcp,ftp_data,SF,0,2072,0,0,0,1,0,1,0,1,0,0,0,0,0,0,0,0,4,3,0.0,0.0,0.0,0.0,0.75,0.5,0.0,3,5,1.0,0.0,1.0,0.4,0.0,0.0,0.0,0.0,u2r,12
25326,0,tcp,ftp_data,SF,0,5690,0,0,0,0,0,1,0,0,0,0,0,0,0,0,0,0,1,1,0.0,0.0,0.0,0.0,1.0,0.0,0.0,1,1,1.0,0.0,1.0,0.0,0.0,0.0,0.0,0.0,u2r,11
25636,49,tcp,telnet,SF,2402,3939,0,0,0,4,0,1,2,1,0,0,0,0,0,0,0,0,1,1,0.0,0.0,0.0,0.0,1.0,0.0,0.0,1,2,1.0,0.0,1.0,1.0,0.0,0.0,0.0,0.0,u2r,4
27430,0,tcp,ftp_data,SF,0,2072,0,0,0,1,0,1,0,1,0,0,0,0,0,0,0,0,3,3,0.0,0.0,0.0,0.0,1.0,0.0,0.0,4,4,1.0,0.0,1.0,0.0,0.0,0.0,0.0,0.0,u2r,11
30533,176,tcp,telnet,SF,1559,2732,0,0,0,3,0,1,4,1,0,0,1,0,0,0,0,0,1,1,0.0,0.0,0.0,0.0,1.0,0.0,0.0,8,8,1.0,0.0,0.12,0.0,0.0,0.0,0.12,0.12,u2r,2
36730,150,tcp,telnet,SF,1587,6707,0,0,0,1,0,1,3,0,0,1,1,0,0,0,0,0,1,1,0.0,0.0,0.0,0.0,1.0,0.0,0.0,1,1,1.0,0.0,1.0,0.0,0.0,0.0,0.0,0.0,u2r,1
37270,61,tcp,telnet,SF,294,3929,0,0,0,0,0,1,0,1,0,4,1,0,0,0,0,0,1,1,0.0,0.0,0.0,0.0,1.0,0.0,0.0,255,4,0.02,0.02,0.0,0.0,0.0,0.25,0.73,0.25,u2r,5
40845,0,udp,other,SF,32,0,0,0,0,0,0,0,0,0,0,0,0,0,0,0,0,0,1,1,0.0,0.0,0.0,0.0,1.0,0.0,0.0,255,1,0.0,0.02,0.0,0.0,0.0,0.0,0.0,0.0,u2r,5
41716,0,tcp,ftp_data,SF,0,5014,0,0,0,0,0,1,0,0,0,0,0,0,0,0,0,0,3,2,0.0,0.0,0.0,0.0,0.67,0.67,0.0,2,4,1.0,0.0,1.0,0.5,0.0,0.0,0.0,0.0,u2r,14
42396,321,tcp,telnet,RSTO,1506,1887,0,0,0,0,0,1,0,0,0,0,1,0,0,0,0,0,151,1,0.99,0.0,0.01,1.0,0.01,0.06,0.0,6,6,1.0,0.0,0.17,0.0,0.0,0.0,0.17,0.17,u2r,5
42564,60,tcp,telnet,SF,90,233,0,0,0,0,0,0,0,0,0,0,0,0,0,0,0,0,1,1,0.0,0.0,0.0,0.0,1.0,0.0,0.0,255,2,0.01,0.02,0.0,0.0,0.0,0.0,0.0,0.0,u2r,2
46147,184,tcp,telnet,SF,1511,2957,0,0,0,3,0,1,2,1,0,0,1,0,0,0,0,0,1,1,0.0,0.0,0.0,0.0,1.0,0.0,0.0,1,3,1.0,0.0,1.0,0.67,0.0,0.0,0.0,0.0,u2r,4
48750,79,tcp,telnet,SF,281,1301,0,0,0,2,0,1,1,1,0,0,4,2,0,0,0,0,1,1,0.0,0.0,0.0,0.0,1.0,0.0,0.0,1,10,1.0,0.0,1.0,0.3,0.0,0.0,0.0,0.1,u2r,4
53301,0,tcp,ftp_data,SF,0,2072,0,0,0,1,0,1,0,1,0,0,0,0,0,0,0,0,3,3,0.0,0.0,0.0,0.0,1.0,0.0,0.0,4,84,1.0,0.0,1.0,0.02,0.0,0.0,0.0,0.0,u2r,12
53889,60,tcp,telnet,SF,2328,4551,0,0,0,3,0,1,1,1,0,0,0,0,0,0,0,0,1,1,0.0,0.0,0.0,0.0,1.0,0.0,0.0,1,1,1.0,0.0,1.0,0.0,0.0,0.0,0.0,0.0,u2r,3
54210,305,tcp,telnet,SF,1735,2766,0,0,0,3,0,1,2,1,0,0,1,0,0,0,0,0,1,1,0.0,0.0,0.0,0.0,1.0,0.0,0.0,2,4,1.0,0.0,0.5,0.5,0.0,0.0,0.0,0.0,u2r,2
61466,61,tcp,telnet,SF,2336,4194,0,0,0,3,0,1,1,1,0,0,0,0,0,0,0,0,1,1,0.0,0.0,0.0,0.0,1.0,0.0,0.0,9,9,1.0,0.0,0.11,0.0,0.0,0.0,0.11,0.11,u2r,2
65086,60,tcp,telnet,SF,86,183,0,0,0,0,1,0,0,0,0,0,0,0,0,0,0,0,1,1,0.0,0.0,0.0,0.0,1.0,0.0,0.0,255,1,0.0,0.02,0.0,0.0,0.0,0.0,0.0,0.0,u2r,4
66007,25,tcp,telnet,SF,269,2333,0,0,0,0,0,1,0,1,0,2,2,1,0,0,0,0,1,1,0.0,0.0,0.0,0.0,1.0,0.0,0.0,69,2,0.03,0.06,0.01,0.0,0.0,0.0,0.0,0.0,u2r,0
69147,54,tcp,telnet,SF,260,2635,0,0,0,0,0,1,0,1,0,2,2,1,0,0,0,0,1,1,0.0,0.0,0.0,0.0,1.0,0.0,0.0,255,1,0.0,0.01,0.0,0.0,0.0,0.0,0.0,0.0,u2r,1
69476,45,tcp,telnet,SF,2336,4201,0,0,0,3,0,1,1,1,0,0,0,0,0,0,0,0,2,1,0.0,0.0,0.5,0.0,0.5,1.0,0.0,7,7,1.0,0.0,0.14,0.0,0.0,0.0,0.14,0.14,u2r,2
69490,103,tcp,telnet,SF,302,8876,0,0,0,2,0,1,4,1,0,3,4,2,1,0,0,0,1,1,0.0,0.0,0.0,0.0,1.0,0.0,0.0,1,1,1.0,0.0,1.0,0.0,0.0,0.0,0.0,0.0,u2r,0
69942,0,tcp,ftp_data,SF,0,5636,0,0,0,0,0,1,2,0,0,2,0,0,0,0,0,0,1,1,0.0,0.0,0.0,0.0,1.0,0.0,0.0,1,41,1.0,0.0,1.0,0.1,0.0,0.0,0.0,0.0,u2r,7
72016,162,tcp,telnet,SF,1567,2738,0,0,0,3,0,1,4,1,0,0,1,0,0,0,0,0,1,1,0.0,0.0,0.0,0.0,1.0,0.0,0.0,4,4,1.0,0.0,0.25,0.0,0.0,0.0,0.0,0.0,u2r,2
73906,0,udp,other,SF,4,4,0,0,0,0,0,0,0,0,0,0,0,0,0,0,0,0,1,1,0.0,0.0,0.0,0.0,1.0,0.0,0.0,1,1,1.0,0.0,1.0,0.0,0.0,0.0,0.0,0.0,u2r,4
76815,47,tcp,telnet,SF,2402,3816,0,0,0,3,0,1,2,1,0,0,0,0,0,0,0,0,1,1,0.0,0.0,0.0,0.0,1.0,0.0,0.0,10,10,1.0,0.0,0.1,0.0,0.0,0.0,0.1,0.1,u2r,2
77830,0,tcp,ftp_data,SF,0,5020,0,0,0,0,0,1,0,0,0,0,0,0,0,0,0,0,3,3,0.0,0.0,0.0,0.0,1.0,0.0,0.0,3,83,1.0,0.0,1.0,0.02,0.0,0.0,0.0,0.0,u2r,10
79509,31,tcp,telnet,SF,2402,3814,0,0,0,3,0,1,2,1,0,0,0,0,0,0,0,0,1,1,0.0,0.0,0.0,0.0,1.0,0.0,0.0,2,2,1.0,0.0,0.5,0.0,0.0,0.0,0.0,0.0,u2r,2
82252,7,tcp,ftp,SF,226,698,0,0,0,4,0,1,0,0,0,0,4,0,0,0,0,0,1,1,0.0,0.0,0.0,0.0,1.0,0.0,0.0,1,1,1.0,0.0,1.0,0.0,0.0,0.0,0.0,0.0,u2r,4
84226,0,tcp,ftp_data,SF,0,5928,0,0,0,0,0,1,0,0,0,0,0,0,0,0,0,0,2,2,0.0,0.0,0.0,0.0,1.0,0.0,0.0,2,82,1.0,0.0,1.0,0.02,0.0,0.0,0.0,0.0,u2r,10
89257,33,tcp,telnet,SF,2402,3815,0,0,0,3,0,1,2,1,0,0,0,0,0,0,0,0,1,1,0.0,0.0,0.0,0.0,1.0,0.0,0.0,3,3,1.0,0.0,0.33,0.0,0.0,0.0,0.0,0.0,u2r,2
91937,31,tcp,telnet,SF,142,1278,0,0,0,0,0,1,0,0,0,0,1,0,0,0,0,0,1,1,0.0,0.0,0.0,0.0,1.0,0.0,0.0,5,3,0.6,0.6,0.2,0.0,0.0,0.0,0.0,0.0,u2r,1
99760,158,tcp,telnet,SF,1567,3095,0,0,0,3,0,1,4,1,0,0,1,0,0,0,0,0,1,1,0.0,0.0,0.0,0.0,1.0,0.0,0.0,2,2,1.0,0.0,0.5,0.0,0.0,0.0,0.0,0.0,u2r,2
101585,45,tcp,telnet,SF,268,2364,0,0,0,0,0,1,0,1,0,2,2,1,0,0,0,0,1,1,0.0,0.0,0.0,0.0,1.0,0.0,0.0,255,2,0.01,0.02,0.0,0.0,0.0,0.0,0.69,0.0,u2r,6
102579,7,tcp,ftp,SF,230,644,0,0,0,4,0,1,0,0,0,0,4,0,0,0,0,0,1,1,0.0,0.0,0.0,0.0,1.0,0.0,0.0,4,1,0.25,0.75,0.25,0.0,0.0,0.0,0.0,0.0,u2r,1
108500,85,tcp,telnet,SF,277,693,0,0,0,0,0,0,0,0,0,0,0,0,0,0,0,0,1,1,0.0,0.0,0.0,0.0,1.0,0.0,0.0,1,1,1.0,0.0,1.0,0.0,0.0,0.0,0.0,0.0,u2r,4
112932,31,tcp,telnet,SF,137,1351,0,0,0,0,0,1,0,0,0,0,1,0,0,0,0,0,1,1,0.0,0.0,0.0,0.0,1.0,0.0,0.0,2,2,1.0,0.0,0.5,0.0,0.0,0.0,0.0,0.0,u2r,1
113266,0,tcp,ftp_data,SF,0,5921,0,0,0,0,0,1,0,0,0,0,0,0,0,0,0,0,2,1,0.0,0.0,0.0,0.0,0.5,1.0,0.0,1,3,1.0,0.0,1.0,0.67,0.0,0.0,0.0,0.0,u2r,13
117341,127,tcp,telnet,SF,1567,2736,0,0,0,1,0,1,0,0,0,0,1,0,0,0,0,0,83,1,0.99,0.0,0.0,0.0,0.01,0.08,0.0,5,5,1.0,0.0,0.2,0.0,0.0,0.0,0.0,0.0,u2r,2
118838,0,tcp,ftp_data,SF,0,5020,0,0,0,0,0,1,0,0,0,0,0,0,0,0,0,0,3,3,0.0,0.0,0.0,0.0,1.0,0.0,0.0,3,3,1.0,0.0,1.0,0.0,0.0,0.0,0.0,0.0,u2r,10
120195,290,tcp,telnet,SF,415,70529,0,0,0,3,0,1,4,0,0,4,4,0,0,0,0,0,1,1,0.0,0.0,0.0,0.0,1.0,0.0,0.0,1,1,1.0,0.0,1.0,0.0,0.0,0.0,0.0,0.0,u2r,1
120498,21,tcp,telnet,SF,135,1290,0,0,0,0,0,1,0,0,0,0,0,0,0,0,0,0,1,1,0.0,0.0,0.0,0.0,1.0,0.0,0.0,6,4,0.67,0.5,0.17,0.0,0.0,0.0,0.0,0.0,u2r,1
125870,0,tcp,http,SF,224,487,0,0,0,0,0,1,0,0,0,0,0,0,0,0,0,0,4,4,0.0,0.0,0.0,0.0,1.0,0.0,0.0,170,255,1.0,0.0,0.01,0.05,0.01,0.0,0.0,0.0,normal,21
125872,0,tcp,http,SF,347,5280,0,0,0,0,0,1,0,0,0,0,0,0,0,0,0,0,7,7,0.0,0.0,0.0,0.0,1.0,0.0,0.0,190,255,1.0,0.0,0.01,0.02,0.0,0.0,0.0,0.0,normal,21
125874,0,udp,domain_u,SF,46,72,0,0,0,0,0,0,0,0,0,0,0,0,0,0,0,0,106,106,0.0,0.0,0.0,0.0,1.0,0.0,0.0,255,223,0.87,0.01,0.0,0.0,0.0,0.0,0.0,0.0,normal,20
125875,0,udp,domain_u,SF,34,34,0,0,0,0,0,0,0,0,0,0,0,0,0,0,0,0,1,3,0.0,0.0,0.0,0.0,1.0,0.0,1.0,255,202,0.79,0.01,0.0,0.0,0.0,0.0,0.0,0.0,normal,21
125876,5,tcp,smtp,SF,1549,328,0,0,0,0,0,1,0,0,0,0,0,0,0,0,0,0,1,1,0.0,0.0,0.0,0.0,1.0,0.0,0.0,181,141,0.65,0.02,0.01,0.01,0.0,0.0,0.0,0.0,normal,21
125881,0,tcp,http,SF,206,5382,0,0,0,0,0,1,0,0,0,0,0,0,0,0,0,0,8,8,0.0,0.0,0.0,0.0,1.0,0.0,0.0,8,255,1.0,0.0,0.12,0.02,0.0,0.0,0.0,0.0,normal,21
125882,0,udp,domain_u,SF,44,44,0,0,0,0,0,0,0,0,0,0,0,0,0,0,0,0,111,110,0.0,0.0,0.0,0.0,0.99,0.02,0.0,255,254,1.0,0.01,0.0,0.0,0.0,0.0,0.0,0.0,normal,20
125885,0,tcp,http,SF,211,1242,0,0,0,0,0,1,0,0,0,0,0,0,0,0,0,0,6,6,0.0,0.0,0.0,0.0,1.0,0.0,0.0,51,255,1.0,0.0,0.02,0.05,0.0,0.0,0.0,0.0,normal,21
125886,0,udp,domain_u,SF,45,45,0,0,0,0,0,0,0,0,0,0,0,0,0,0,0,0,157,157,0.0,0.0,0.0,0.0,1.0,0.0,0.0,255,255,1.0,0.0,0.0,0.0,0.0,0.0,0.0,0.0,normal,18
125887,0,icmp,urp_i,SF,183,0,0,0,0,0,0,0,0,0,0,0,0,0,0,0,0,0,2,1,0.0,0.0,0.0,0.0,0.5,1.0,0.0,255,17,0.07,0.01,0.07,0.0,0.0,0.0,0.0,0.0,normal,19
125888,0,tcp,pop_3,SF,35,130,0,0,0,0,0,1,0,0,0,0,0,0,0,0,0,0,1,1,0.0,0.0,0.0,0.0,1.0,0.0,0.0,44,9,0.05,0.14,0.02,0.33,0.0,0.0,0.0,0.0,normal,20
125895,0,udp,domain_u,SF,43,43,0,0,0,0,0,0,0,0,0,0,0,0,0,0,0,0,141,141,0.0,0.0,0.0,0.0,1.0,0.0,0.0,255,249,0.98,0.01,0.0,0.0,0.0,0.0,0.0,0.0,normal,18
125896,0,tcp,http,SF,329,1492,0,0,0,0,0,1,0,0,0,0,0,0,0,0,0,0,11,11,0.0,0.0,0.0,0.0,1.0,0.0,0.0,212,255,1.0,0.0,0.0,0.01,0.0,0.0,0.0,0.0,normal,21
125899,0,tcp,http,REJ,0,0,0,0,0,0,0,0,0,0,0,0,0,0,0,0,0,0,1,2,0.0,0.0,1.0,1.0,1.0,0.0,1.0,15,29,1.0,0.0,0.07,0.14,0.0,0.0,1.0,1.0,normal,21
125901,0,tcp,smtp,SF,2078,329,0,0,0,0,0,1,0,0,0,0,0,0,0,0,0,0,1,3,0.0,0.0,0.0,0.0,1.0,0.0,1.0,116,245,0.95,0.02,0.01,0.01,0.0,0.0,0.0,0.0,normal,21
125903,0,tcp,http,SF,192,5424,0,0,0,0,0,1,0,0,0,0,0,0,0,0,0,0,20,20,0.0,0.0,0.0,0.0,1.0,0.0,0.0,67,255,1.0,0.0,0.01,0.04,0.0,0.0,0.0,0.0,normal,21
125905,0,tcp,http,SF,360,5864,0,0,0,0,0,1,0,0,0,0,0,0,0,0,0,0,2,26,0.0,0.0,0.0,0.0,1.0,0.0,0.12,106,255,1.0,0.0,0.01,0.02,0.0,0.0,0.0,0.0,normal,21
125906,0,tcp,http,SF,321,2400,0,0,0,0,0,1,0,0,0,0,0,0,0,0,0,0,5,5,0.0,0.0,0.0,0.0,1.0,0.0,0.0,153,255,1.0,0.0,0.01,0.02,0.0,0.0,0.0,0.0,normal,21
125907,0,tcp,http,SF,206,5200,0,0,0,0,0,1,0,0,0,0,0,0,0,0,0,0,5,5,0.0,0.0,0.0,0.0,1.0,0.0,0.0,255,255,1.0,0.0,0.0,0.0,0.0,0.0,0.0,0.0,normal,21
125913,0,tcp,http,SF,262,983,0,0,0,0,0,1,0,0,0,0,0,0,0,0,0,0,3,3,0.0,0.0,0.0,0.0,1.0,0.0,0.0,255,255,1.0,0.0,0.0,0.0,0.0,0.0,0.0,0.0,normal,21
125914,0,tcp,http,SF,316,1478,0,0,0,0,0,1,0,0,0,0,0,0,0,0,0,0,9,9,0.0,0.0,0.0,0.0,1.0,0.0,0.0,36,255,1.0,0.0,0.03,0.05,0.0,0.0,0.0,0.01,normal,21
125915,0,tcp,http,SF,319,307,0,0,0,0,0,1,0,0,0,0,0,0,0,0,0,0,17,18,0.0,0.0,0.0,0.0,1.0,0.0,0.11,255,255,1.0,0.0,0.0,0.0,0.0,0.0,0.0,0.0,normal,21
125916,0,tcp,ftp_data,SF,641,0,0,0,0,0,0,1,0,0,0,0,0,0,0,0,0,0,2,2,0.0,0.0,0.0,0.0,1.0,0.0,0.0,255,118,0.46,0.03,0.47,0.0,0.0,0.01,0.0,0.0,normal,20
125918,0,tcp,http,REJ,0,0,0,0,0,0,0,0,0,0,0,0,0,0,0,0,0,0,1,2,0.0,0.0,1.0,1.0,1.0,0.0,1.0,120,197,1.0,0.0,0.01,0.02,0.0,0.0,0.74,0.84,normal,21
125919,0,tcp,ftp_data,SF,15377,0,0,0,0,0,0,0,0,0,0,0,0,0,0,0,0,0,19,19,0.0,0.0,0.0,0.0,1.0,0.0,0.0,25,90,1.0,0.0,1.0,0.02,0.0,0.0,0.0,0.0,normal,20
125921,0,udp,other,SF,516,4,0,0,0,0,0,0,0,0,0,0,0,0,0,0,0,0,335,335,0.0,0.0,0.0,0.0,1.0,0.0,0.0,255,255,1.0,0.0,1.0,0.0,0.0,0.0,0.0,0.0,normal,17
125923,0,tcp,http,SF,213,491,0,0,0,0,0,1,0,0,0,0,0,0,0,0,0,0,2,2,0.0,0.0,0.0,0.0,1.0,0.0,0.0,255,255,1.0,0.0,0.0,0.0,0.0,0.0,0.0,0.0,normal,21
125925,0,tcp,ftp_data,SF,59,0,0,0,0,0,0,1,0,0,0,0,0,0,0,0,0,0,23,31,0.0,0.0,0.0,0.0,1.0,0.0,0.06,85,53,0.62,0.06,0.62,0.0,0.0,0.0,0.02,0.0,normal,21
125930,0,tcp,http,SF,301,17655,0,0,0,0,0,1,0,0,0,0,0,0,0,0,0,0,4,4,0.0,0.0,0.0,0.0,1.0,0.0,0.0,144,255,1.0,0.0,0.01,0.02,0.0,0.0,0.01,0.0,normal,21
125931,0,tcp,ftp_data,SF,501760,0,0,0,0,0,0,1,0,0,0,0,0,0,0,0,0,0,2,2,0.0,0.0,0.0,0.0,1.0,0.0,0.0,87,63,0.13,0.82,0.11,0.03,0.0,0.0,0.76,0.02,normal,20
125932,0,tcp,http,REJ,0,0,0,0,0,0,0,0,0,0,0,0,0,0,0,0,0,0,1,2,0.0,0.0,1.0,1.0,1.0,0.0,1.0,18,214,1.0,0.0,0.06,0.23,0.0,0.0,1.0,0.93,normal,21
125933,0,tcp,http,SF,225,52866,0,0,0,0,0,1,0,0,0,0,0,0,0,0,0,0,2,8,0.0,0.0,0.0,0.12,1.0,0.0,0.25,137,255,1.0,0.0,0.01,0.02,0.0,0.0,0.0,0.0,normal,21
125934,0,tcp,http,SF,283,2531,0,0,0,0,0,1,0,0,0,0,0,0,0,0,0,0,6,10,0.0,0.0,0.0,0.0,1.0,0.0,0.2,72,72,1.0,0.0,0.01,0.0,0.0,0.0,0.0,0.0,normal,21
125935,0,icmp,eco_i,SF,30,0,0,0,0,0,0,0,0,0,0,0,0,0,0,0,0,0,1,1,0.0,0.0,0.0,0.0,1.0,0.0,0.0,249,249,1.0,0.0,1.0,0.0,0.0,0.0,0.0,0.0,normal,20
125936,0,tcp,http,SF,316,274,0,0,0,0,0,1,0,0,0,0,0,0,0,0,0,0,15,46,0.0,0.04,0.0,0.0,1.0,0.0,0.09,255,255,1.0,0.0,0.0,0.0,0.0,0.0,0.0,0.0,normal,21
125937,0,tcp,smtp,SF,1870,331,0,0,0,0,0,1,0,0,0,0,0,0,0,0,0,0,1,1,0.0,0.0,0.0,0.0,1.0,0.0,0.0,117,106,0.91,0.03,0.01,0.0,0.0,0.0,0.0,0.0,normal,21
125938,0,udp,domain_u,SF,30,30,0,0,0,0,0,0,0,0,0,0,0,0,0,0,0,0,2,3,0.0,0.0,0.0,0.0,1.0,0.0,0.67,255,255,1.0,0.0,0.01,0.0,0.0,0.0,0.0,0.0,normal,21
125939,0,tcp,http,SF,214,8435,0,0,0,0,0,1,0,0,0,0,0,0,0,0,0,0,9,9,0.0,0.0,0.0,0.0,1.0,0.0,0.0,255,255,1.0,0.0,0.0,0.0,0.0,0.0,0.0,0.0,normal,21
125940,0,tcp,http,SF,285,283,0,0,0,0,0,1,0,0,0,0,0,0,0,0,0,0,17,18,0.0,0.0,0.0,0.0,1.0,0.0,0.11,17,255,1.0,0.0,0.06,0.03,0.0,0.0,0.0,0.0,normal,21
125941,0,tcp,http,SF,230,12471,0,0,0,0,0,1,0,0,0,0,0,0,0,0,0,0,10,10,0.0,0.0,0.0,0.0,1.0,0.0,0.0,255,255,1.0,0.0,0.0,0.0,0.0,0.0,0.0,0.0,normal,21
125942,0,icmp,ecr_i,SF,30,0,0,0,0,0,0,0,0,0,0,0,0,0,0,0,0,0,1,1,0.0,0.0,0.0,0.0,1.0,0.0,0.0,165,165,1.0,0.0,1.0,0.0,0.0,0.0,0.0,0.0,normal,19
125943,0,tcp,ftp_data,SF,491,0,0,0,0,0,0,1,0,0,0,5,0,0,0,0,0,0,2,2,0.0,0.0,0.0,0.0,1.0,0.0,0.0,6,65,0.33,0.33,0.33,0.03,0.0,0.0,0.0,0.0,normal,21
125944,1,tcp,smtp,SF,2049,362,0,0,0,0,0,1,0,0,0,0,0,0,0,0,0,0,1,4,0.0,0.0,0.0,0.0,1.0,0.0,1.0,95,87,0.92,0.02,0.01,0.0,0.0,0.0,0.0,0.0,normal,21
125945,0,tcp,http,SF,247,799,0,0,0,0,0,1,0,0,0,0,0,0,0,0,0,0,4,4,0.0,0.0,0.0,0.0,1.0,0.0,0.0,192,255,1.0,0.0,0.01,0.02,0.0,0.0,0.0,0.0,normal,21
125949,0,tcp,http,REJ,0,0,0,0,0,0,0,0,0,0,0,0,0,0,0,0,0,0,1,2,0.0,0.0,1.0,1.0,1.0,0.0,1.0,255,255,1.0,0.0,0.0,0.0,0.0,0.0,0.0,0.0,normal,21
125951,0,tcp,http,SF,254,555,0,0,0,0,0,1,0,0,0,0,0,0,0,0,0,0,3,3,0.0,0.0,0.0,0.0,1.0,0.0,0.0,35,170,1.0,0.0,0.03,0.04,0.0,0.0,0.0,0.0,normal,21
125952,0,tcp,smtp,SF,1289,408,0,0,0,0,0,1,0,0,0,0,0,0,0,0,0,0,1,1,0.0,0.0,0.0,0.0,1.0,0.0,0.0,255,58,0.23,0.06,0.0,0.0,0.51,0.0,0.02,0.0,normal,15
125954,0,tcp,http,SF,269,10939,0,0,0,0,0,1,0,0,0,0,0,0,0,0,0,0,1,20,0.0,0.0,0.0,0.0,1.0,0.0,0.15,20,255,1.0,0.0,0.05,0.04,0.0,0.0,0.0,0.0,normal,21
125955,0,tcp,http,REJ,0,0,0,0,0,0,0,0,0,0,0,0,0,0,0,0,0,0,1,2,0.0,0.0,1.0,1.0,1.0,0.0,1.0,1,220,1.0,0.0,1.0,0.06,0.0,0.0,1.0,1.0,normal,21
125956,0,icmp,eco_i,SF,30,0,0,0,0,0,0,0,0,0,0,0,0,0,0,0,0,0,3,1,0.0,0.0,0.0,0.0,0.33,0.67,0.0,255,4,0.02,0.01,0.03,0.0,0.0,0.0,0.0,0.0,normal,20
125957,1,tcp,smtp,SF,1247,327,0,0,0,0,0,1,0,0,0,0,0,0,0,0,0,0,1,1,0.0,0.0,0.0,0.0,1.0,0.0,0.0,226,129,0.53,0.03,0.0,0.02,0.01,0.02,0.0,0.0,normal,21
125959,0,tcp,http,SF,373,4777,0,0,0,0,0,1,0,0,0,0,0,0,0,0,0,0,5,5,0.0,0.0,0.0,0.0,1.0,0.0,0.0,62,255,1.0,0.0,0.02,0.04,0.0,0.0,0.0,0.0,normal,21
125960,0,tcp,http,SF,329,885,0,0,0,0,0,1,0,0,0,0,0,0,0,0,0,0,14,14,0.0,0.0,0.0,0.0,1.0,0.0,0.0,255,255,1.0,0.0,0.0,0.0,0.0,0.0,0.0,0.0,normal,21
125961,0,tcp,http,SF,236,2698,0,0,0,0,0,1,0,0,0,0,0,0,1,0,0,0,2,2,0.0,0.0,0.0,0.0,1.0,0.0,0.0,255,247,0.97,0.01,0.0,0.0,0.0,0.0,0.0,0.0,normal,21
125962,0,udp,domain_u,SF,33,0,0,0,0,0,0,0,0,0,0,0,0,0,0,0,0,0,1,2,0.0,0.0,0.0,0.0,1.0,0.0,1.0,127,17,0.13,0.03,0.13,0.0,0.0,0.0,0.0,0.0,normal,21
125963,0,tcp,http,SF,334,1600,0,0,0,0,0,1,0,0,0,0,0,0,0,0,0,0,3,3,0.0,0.0,0.0,0.0,1.0,0.0,0.0,255,255,1.0,0.0,0.0,0.0,0.0,0.0,0.0,0.0,normal,21
125965,0,tcp,smtp,SF,2233,365,0,0,0,0,0,1,0,0,0,0,0,0,0,0,0,0,1,1,0.0,0.0,0.0,0.0,1.0,0.0,0.0,1,2,1.0,0.0,1.0,1.0,0.0,0.0,0.0,0.0,normal,19
125967,0,tcp,http,SF,359,375,0,0,0,0,0,1,0,0,0,0,0,0,0,0,0,0,3,11,0.33,0.09,0.0,0.0,1.0,0.0,0.18,3,255,1.0,0.0,0.33,0.04,0.33,0.0,0.0,0.0,normal,18
125969,8,udp,private,SF,105,145,0,0,0,0,0,0,0,0,0,0,0,0,0,0,0,0,2,2,0.0,0.0,0.0,0.0,1.0,0.0,0.0,255,244,0.96,0.01,0.01,0.0,0.0,0.0,0.0,0.0,normal,21
